Week,Pillar,Focus,Completed,Total,Progress
1,System Intelligence,Inventory & dependencies,0,4,0%
2,System Intelligence,Risk mapping & tech debt,0,3,0%
3,Revenue Map,Trace revenue path,0,3,0%
4,Revenue Map,Find leverage points,0,3,0%
5,Delivery Review,Measure & map pipeline,0,2,0%
6,Delivery Review,Improve delivery,0,5,0%
7,Security,Access control & backups,0,2,0%
8,Security,Scanning & monitoring,0,5,0%
9,Tech Strategy,Define roadmap,0,3,0%
10,Tech Strategy,Assign & track initiatives,0,3,0%
11,All Pillars,Execute & adjust,0,0,0%
12,All Pillars,Execute & adjust,0,0,0%
13,All Pillars,Final review & scoring,0,3,0%
